Type,beneficial_inst_P,neutral_inst_P,deleterious_inst_P,beneficial_inst_S,neutral_inst_S,deleterious_inst_S,beneficial_mean_P,neutral_mean_P,deleterious_mean_P,beneficial_mean_S,neutral_mean_S,deleterious_mean_S,dNdneutral_1,dNdneutral_2,dNdneutral_3,dNdneutral_4,dNdneutral_5,dNdneutral_6,dNdneutral_7,dNdneutral_8,dNdneutral_9,dNdneutral_10,dNdneutral_11,dNdneutral_12,dNdneutral_13,dNdneutral_14,dNdneutral_15,dNdneutral_16,dNdneutral_17,dNdneutral_18,dNdneutral_19,dNdneutral_20,dNdneutral_21,dNdneutral_22,dNdneutral_23,dNdneutral_24,dNdneutral_25,dNdneutral_26,dNdneutral_27,dNdneutral_28,dNdneutral_29,dNdneutral_30,pNpneutral_1,pNpneutral_2,pNpneutral_3,pNpneutral_4,pNpneutral_5,pNpneutral_6,pNpneutral_7,pNpneutral_8,pNpneutral_9,pNpneutral_10,pNpneutral_11,pNpneutral_12,pNpneutral_13,pNpneutral_14,pNpneutral_15,pNpneutral_16,pNpneutral_17,pNpneutral_18,pNpneutral_19,pNpneutral_20,pNpneutral_21,pNpneutral_22,pNpneutral_23,pNpneutral_24,pNpneutral_25,pNpneutral_26,pNpneutral_27,pNpneutral_28,pNpneutral_29,pNpneutral_30
Pseudo,0.0,1.0,0.0,0.0,1.0,0.0,0.0,1.0,0.0,0.0,1.0,0.0,0.9802083333333333,0.9744791666666667,1.03125,1.0182291666666667,0.9942708333333333,1.0302083333333334,1.0140625,0.9807291666666667,0.9776041666666667,0.9848958333333333,0.953125,1.01875,1.0041666666666667,1.009375,0.9734375,0.9765625,1.0260416666666667,0.9708333333333333,1.0114583333333333,0.9854166666666667,0.9421875,0.9651041666666667,0.9953125,0.9833333333333333,0.9953125,0.9958333333333333,1.0067708333333334,1.0104166666666667,1.0203125,1.0125,0.9960112500000001,1.040298515625,1.026346640625,0.960114921875,0.998630234375,0.9940625781249999,1.01934671875,0.97583640625,0.9868421093749999,0.977092734375,1.0020235937500002,1.01695984375,1.0186421875,0.9784283593750001,1.0185095312499999,0.9724499218749999,1.004412890625,0.9705188281250001,1.037715,1.019589296875,1.026131953125,1.0048242968749999,0.9937002343750001,1.0351565624999999,0.9832352343749999,1.0128249999999999,1.013343984375,0.9977724218749999,0.978890390625,0.984418046875
Neutral,0.0,0.18036911012630708,0.8196308898736929,0.0,0.9241615213859105,0.07583847861408947,0.0,0.18036911012630708,0.8196308898736929,0.0,0.9241615213859105,0.07583847861408947,0.11875,0.10833333333333334,0.1078125,0.11041666666666666,0.11302083333333333,0.09791666666666667,0.09791666666666667,0.10208333333333333,0.1140625,0.0984375,0.11354166666666667,0.0984375,0.11041666666666666,0.11614583333333334,0.11041666666666666,0.11458333333333333,0.09479166666666666,0.11614583333333334,0.1140625,0.10208333333333333,0.096875,0.1109375,0.10729166666666666,0.08333333333333333,0.10572916666666667,0.0953125,0.09427083333333333,0.1,0.1015625,0.10416666666666667,0.14313359375,0.13690921875,0.1249315625,0.1101871875,0.12231687500000002,0.1167409375,0.127777421875,0.11994750000000001,0.11811539062500001,0.14192828125,0.11829359375,0.13036976562499997,0.138749765625,0.12172960937499999,0.141289609375,0.11778304687499999,0.12750273437499998,0.123518828125,0.14379999999999998,0.140375703125,0.12417640625000001,0.156183203125,0.13224773437499998,0.134723828125,0.11812078125,0.126515078125,0.13411898437499997,0.11310046874999999,0.132284609375,0.13406570312500002
Adaptive,0.04735569902384494,0.16643671569733112,0.7862075852788238,0.9693556233443525,0.02778890664546597,0.002855470010181431,0.04735569902384494,0.16643671569733112,0.7862075852788238,0.9693556233443525,0.02778890664546597,0.002855470010181431,3.64375,3.5640625,3.6479166666666667,3.5552083333333333,3.654166666666667,3.5833333333333335,3.5619791666666667,3.5963541666666665,3.5765625,3.496354166666667,3.4932291666666666,3.5755208333333335,3.629166666666667,3.535416666666667,3.5614583333333334,3.6703125,3.5677083333333335,3.6411458333333333,3.5703125,3.576041666666667,3.5885416666666665,3.566666666666667,3.5619791666666667,3.613541666666667,3.6234375,3.5458333333333334,3.5375,3.6098958333333333,3.6390625,3.583854166666667,0.17846390625000003,0.246115625,0.200649296875,0.21802656250000002,0.179039296875,0.193578984375,0.21181617187499996,0.22687343750000002,0.205725703125,0.22051085937500003,0.206357109375,0.213499375,0.200750546875,0.18394015625,0.203995078125,0.20114421875000002,0.190105625,0.1954153125,0.20936273437499997,0.212759375,0.218826484375,0.22594328125000002,0.21534781249999999,0.19013140625000002,0.214064921875,0.19488875,0.1869428125,0.207909375,0.18179234375000003,0.185897421875
Neutral_dom,0.0,0.16386159547099705,0.8361384045290029,0.0,0.9168364894565266,0.08316351054347344,0.0,0.16386159547099705,0.8361384045290029,0.0,0.9168364894565266,0.08316351054347344,0.10104166666666667,0.10989583333333333,0.10885416666666667,0.096875,0.11822916666666666,0.115625,0.11041666666666666,0.10416666666666667,0.10104166666666667,0.0984375,0.103125,0.11875,0.10364583333333334,0.10677083333333333,0.1078125,0.09427083333333333,0.12291666666666666,0.12552083333333333,0.11822916666666666,0.1109375,0.10989583333333333,0.1,0.11041666666666666,0.10885416666666667,0.121875,0.11614583333333334,0.0984375,0.10833333333333334,0.10677083333333333,0.11770833333333333,0.13715765625,0.144305859375,0.14535546875,0.15614625,0.155912265625,0.16909984375000003,0.13706812499999999,0.15029820312500003,0.140222578125,0.14552218749999998,0.14320992187499998,0.1412496875,0.148818359375,0.15304226562499998,0.13710632812499998,0.146421875,0.146408828125,0.15737507812499998,0.140286328125,0.14588921875,0.14531882812500002,0.15937359375,0.144273046875,0.12916617187499999,0.158237265625,0.144731953125,0.14060867187499998,0.13831984375,0.129019140625,0.13592265625
Adaptive_dom,0.059631090014685376,0.1466750936348894,0.7936938163504254,0.9791651700598745,0.018360739770627504,0.0024740901694981095,0.059631090014685376,0.1466750936348894,0.7936938163504254,0.9791651700598745,0.018360739770627504,0.0024740901694981095,5.278645833333333,5.347395833333334,5.209895833333333,5.316666666666666,5.280729166666666,5.3,5.2734375,5.399479166666667,5.253645833333334,5.3,5.2953125,5.227604166666667,5.313020833333334,5.261979166666666,5.2609375,5.258854166666667,5.263541666666667,5.322916666666667,5.265625,5.286458333333333,5.330729166666667,5.2796875,5.217708333333333,5.25,5.226041666666666,5.302604166666667,5.276041666666667,5.235416666666667,5.205208333333333,5.250520833333334,0.294870390625,0.2953911718750001,0.27670164062499997,0.31583187500000004,0.28937390625,0.32965132812500003,0.2899178125,0.32054414062500003,0.30834171875000005,0.295630859375,0.297552421875,0.32070570312499996,0.30604624999999996,0.30696804687499996,0.315045625,0.29701609375000004,0.290381953125,0.334516171875,0.279849375,0.29482515625000005,0.28917515624999995,0.29772999999999994,0.294344609375,0.294585234375,0.30438796875,0.27981749999999994,0.30612578125,0.31140726562500004,0.30009109375000004,0.29446640625000003
AdapTrack_stablespace20,0.02583507306889354,0.17562630480167013,0.798538622129436,0.2625000000000001,0.5906249999999996,0.14687500000000003,0.021659707724425895,0.17562630480167013,0.8027139874739041,0.3656249999999998,0.5906249999999996,0.043749999999999976,0.16666666666666666,0.16666666666666666,0.16666666666666666,0.16666666666666666,0.16666666666666666,0.16666666666666666,0.16666666666666666,0.16666666666666666,0.16666666666666666,0.16666666666666666,0.16666666666666666,0.16666666666666666,0.16666666666666666,0.16666666666666666,0.16666666666666666,0.16666666666666666,0.16666666666666666,0.16666666666666666,0.16666666666666666,0.16666666666666666,0.16666666666666666,0.16666666666666666,0.16666666666666666,0.16666666666666666,0.16666666666666666,0.16666666666666666,0.16666666666666666,0.16666666666666666,0.16666666666666666,0.16666666666666666,0.130764453125,0.130764453125,0.130764453125,0.130764453125,0.130764453125,0.130764453125,0.130764453125,0.130764453125,0.130764453125,0.130764453125,0.130764453125,0.130764453125,0.130764453125,0.130764453125,0.130764453125,0.130764453125,0.130764453125,0.130764453125,0.130764453125,0.130764453125,0.130764453125,0.130764453125,0.130764453125,0.130764453125,0.130764453125,0.130764453125,0.130764453125,0.130764453125,0.130764453125,0.130764453125
AdapTrack_dom,0.022411218632023777,0.157644257221665,0.8199445241463112,0.015143301302245131,0.9088760142912045,0.07598068440655042,0.01752996942220443,0.157644257221665,0.8248257733561305,0.014071097172114484,0.9088760142912045,0.07705288853668106,0.10052083333333334,0.10572916666666667,0.1,0.1046875,0.11979166666666667,0.10520833333333333,0.11666666666666667,0.10052083333333334,0.1125,0.11458333333333333,0.09947916666666666,0.1125,0.09583333333333334,0.10572916666666667,0.10208333333333333,0.10572916666666667,0.10260416666666666,0.10364583333333334,0.10520833333333333,0.10885416666666667,0.10364583333333334,0.1015625,0.10052083333333334,0.10572916666666667,0.10989583333333333,0.09947916666666666,0.11666666666666667,0.1109375,0.09583333333333334,0.11510416666666666,0.14418054687499998,0.155225703125,0.134151484375,0.1724796875,0.152344609375,0.137875625,0.15910171874999998,0.127487421875,0.151133828125,0.134570625,0.14720390625,0.16985421875,0.16478664062499998,0.162240390625,0.13995453124999999,0.15179437499999998,0.1660346875,0.147628203125,0.146861328125,0.15877296875,0.15345648437499998,0.151164453125,0.15043796875,0.141589921875,0.1613203125,0.14526789062499998,0.15701125,0.142347265625,0.15933953125,0.1441353125
AdapTrack_env2,0.03454555463352508,0.16950786756411718,0.7959465778023576,0.7338549930491899,0.0796950037621495,0.18645000318866067,0.04159859291863815,0.16950786756411718,0.788893539517245,0.9125961233160258,0.0796950037621495,0.007708872921824744,1.3776041666666667,1.5791666666666666,1.1739583333333334,1.3989583333333333,1.1817708333333334,1.2234375,1.1671875,1.2666666666666666,1.3239583333333333,1.1291666666666667,1.0729166666666667,1.3963541666666666,1.3020833333333333,1.2401041666666666,1.1291666666666667,1.41875,1.1604166666666667,1.39375,1.275,1.3510416666666667,1.2,1.1223958333333333,1.3984375,1.3770833333333334,0.9885416666666667,1.3364583333333333,1.2536458333333333,1.0557291666666666,1.0859375,1.3614583333333334,0.171651640625,0.18712164062499997,0.173138046875,0.19388125,0.1940678125,0.17106609375,0.20007976562500002,0.21377523437499998,0.19207796875,0.18676484374999996,0.17897007812500002,0.161677109375,0.19081843750000002,0.18779453125,0.19042890625,0.1680621875,0.18085703125000002,0.18731203125,0.19828132812500002,0.198628671875,0.1874353125,0.17371117187500001,0.1816975,0.176235234375,0.18481632812499998,0.160067109375,0.19430804687499997,0.167004375,0.18976046875000002,0.15547781249999998
AdapTrack_env5,0.022900863067644547,0.17576605701292305,0.8013330799194324,0.49196491200343023,0.2905062055406982,0.21752888245587157,0.0240958780964839,0.17576605701292305,0.800138064890593,0.6834945489594662,0.2905062055406982,0.02599924549983551,0.37447916666666664,0.3546875,0.375,0.3609375,0.3567708333333333,0.340625,0.3765625,0.38229166666666664,0.29270833333333335,0.32864583333333336,0.28020833333333334,0.328125,0.32395833333333335,0.3260416666666667,0.3697916666666667,0.33229166666666665,0.36875,0.37604166666666666,0.34791666666666665,0.3296875,0.3453125,0.334375,0.37135416666666665,0.39427083333333335,0.32395833333333335,0.32708333333333334,0.33958333333333335,0.3697916666666667,0.35625,0.3302083333333333,0.14533960937499998,0.13505546875,0.15712968749999998,0.15538531249999998,0.128027578125,0.14100046875,0.13335179687499998,0.14523851562499998,0.158533515625,0.13672804687499998,0.167451015625,0.136081171875,0.147115703125,0.151636015625,0.14516445312499998,0.17195546875,0.160536796875,0.1383125,0.14967929687499998,0.14100359375,0.141870703125,0.136508203125,0.13778734375,0.133234765625,0.130506953125,0.135481328125,0.16365304687499999,0.15649640625,0.134069765625,0.1498153125
AdapTrack_env10,0.02043354747901717,0.17650715642748274,0.8030592960935,0.20180601626527842,0.647195285815371,0.15099869791935064,0.01827082562186091,0.17650715642748274,0.8052220179506564,0.2998566936378407,0.647195285815371,0.05294802054678841,0.15052083333333333,0.1453125,0.165625,0.14583333333333334,0.1578125,0.16458333333333333,0.14270833333333333,0.15416666666666667,0.1515625,0.1421875,0.1609375,0.15885416666666666,0.1578125,0.16041666666666668,0.146875,0.15052083333333333,0.146875,0.16145833333333334,0.15625,0.17864583333333334,0.140625,0.14739583333333334,0.14375,0.15677083333333333,0.15416666666666667,0.15416666666666667,0.14947916666666666,0.1453125,0.1453125,0.16822916666666668,0.120250546875,0.128016953125,0.135442578125,0.13969125,0.13523468749999998,0.150089609375,0.12742546875,0.15072093749999999,0.140704765625,0.12861828125,0.13343703125,0.1227603125,0.13366796875,0.15254023437499997,0.1471346875,0.13897328125,0.142079765625,0.12299046875,0.129979296875,0.10927765625,0.1458575,0.139919609375,0.115175,0.11129898437499999,0.131308828125,0.12247703125,0.128344609375,0.13124023437500001,0.142475078125,0.13259742187499998
AdapTrack_env20,0.019367928022412113,0.17875346842024864,0.8018786035573393,0.03328733212054936,0.8812411939541785,0.08547147392527223,0.01733000881247434,0.17875346842024864,0.8039165227672771,0.0467115286757169,0.8812411939541785,0.0720472773701047,0.11927083333333334,0.1078125,0.11875,0.10989583333333333,0.10729166666666666,0.12395833333333334,0.10989583333333333,0.11197916666666667,0.10885416666666667,0.10260416666666666,0.103125,0.1015625,0.11302083333333333,0.10989583333333333,0.134375,0.1140625,0.11354166666666667,0.10260416666666666,0.11041666666666666,0.1109375,0.10208333333333333,0.1171875,0.103125,0.10104166666666667,0.11302083333333333,0.10052083333333334,0.134375,0.10989583333333333,0.09375,0.10416666666666667,0.12635875,0.13463265625,0.11886765625,0.13099062499999997,0.1262609375,0.14119953125,0.128540703125,0.1283534375,0.12041515624999999,0.12244109375000001,0.12675140625,0.128543203125,0.127521875,0.1274375,0.13647484375000002,0.12067585937499999,0.13802796875,0.12456085937499999,0.139820390625,0.12609203125,0.14799296875,0.131847734375,0.12175882812499998,0.13346773437499998,0.11874046875,0.10597726562499998,0.12529765624999997,0.144553125,0.12805421875,0.140614765625
AdapTrack_int2,0.017204277691256924,0.18196452566806698,0.800831196640676,0.00202464329822604,0.9262127415771937,0.07176261512458024,0.0052827874816032665,0.18196452566806698,0.8127526868503299,0.0,0.9262127415771937,0.0737872584228063,0.10677083333333333,0.10677083333333333,0.1046875,0.10572916666666667,0.11927083333333334,0.10208333333333333,0.103125,0.11197916666666667,0.09270833333333334,0.10208333333333333,0.10520833333333333,0.10677083333333333,0.10364583333333334,0.11197916666666667,0.1109375,0.10885416666666667,0.10572916666666667,0.1125,0.096875,0.10416666666666667,0.09791666666666667,0.1125,0.1015625,0.11145833333333334,0.09322916666666667,0.09427083333333333,0.11354166666666667,0.11770833333333333,0.09739583333333333,0.1015625,0.13177828125,0.146089765625,0.14198359375,0.120455546875,0.13100125,0.13392656249999998,0.11987132812499998,0.14294875,0.141260859375,0.14408742187499998,0.13017320312499997,0.13250828125,0.13312804687500002,0.13917601562499998,0.11594507812499999,0.14810273437500002,0.10279148437499999,0.1382090625,0.12705640625,0.13069773437499999,0.13733390625,0.135987578125,0.14209226562500002,0.151537734375,0.13169328125,0.135587578125,0.122051640625,0.12889726562499998,0.128758125,0.12884828124999997
AdapTrack_int25,0.018072649948574458,0.17923457663490674,0.8026927734165187,0.0023298910062196027,0.9302292445886187,0.06744086440516153,0.013930001005345471,0.17923457663490674,0.8068354223597478,0.00015432098765432098,0.9302292445886187,0.06961643442372681,0.10989583333333333,0.10989583333333333,0.0921875,0.11875,0.10885416666666667,0.11927083333333334,0.10104166666666667,0.11041666666666666,0.11197916666666667,0.1015625,0.109375,0.1,0.10208333333333333,0.10104166666666667,0.1125,0.1015625,0.1125,0.115625,0.1078125,0.11197916666666667,0.11197916666666667,0.1140625,0.10572916666666667,0.10416666666666667,0.1046875,0.11510416666666666,0.10260416666666666,0.10208333333333333,0.12708333333333333,0.11458333333333333,0.127393828125,0.14320640624999997,0.12279820312499998,0.12535710937499997,0.11977867187499998,0.125255859375,0.12274546874999999,0.13159007812499998,0.13811421875000002,0.13906023437499998,0.11746265624999999,0.1347240625,0.12694859375,0.11885562499999999,0.11889703125,0.137070546875,0.13838093750000002,0.110109296875,0.12450007812500001,0.11873328125000002,0.118258359375,0.12890687499999998,0.123676015625,0.125226015625,0.12247960937499999,0.13462875000000002,0.12587828125,0.13289625,0.11014976562499998,0.12473624999999999
AdapTrack_int100,0.019993453137571067,0.17791009908452846,0.8020964477779006,0.144223010668389,0.7496536595101634,0.10612332982144769,0.02031725347370599,0.17791009908452846,0.8017726474417656,0.18602406131155616,0.7496536595101634,0.06432227917828051,0.12083333333333333,0.13333333333333333,0.13229166666666667,0.13958333333333334,0.13229166666666667,0.13229166666666667,0.13802083333333334,0.12239583333333333,0.13697916666666668,0.1453125,0.12552083333333333,0.13489583333333333,0.14010416666666667,0.11197916666666667,0.1296875,0.134375,0.13854166666666667,0.1578125,0.1328125,0.1328125,0.1453125,0.14895833333333333,0.12552083333333333,0.11979166666666667,0.13333333333333333,0.14270833333333333,0.1203125,0.13333333333333333,0.14166666666666666,0.13541666666666666,0.13641367187500003,0.1380715625,0.128456015625,0.1302828125,0.128568125,0.12411835937499997,0.126977109375,0.12801773437500003,0.128490703125,0.127671953125,0.143552109375,0.13553570312500002,0.14131554687499998,0.131905859375,0.14428789062499997,0.133289765625,0.132321640625,0.121442734375,0.14691203125,0.12744695312499998,0.12410335937499999,0.1327728125,0.11760453125,0.13650898437499998,0.13308429687499998,0.14446929687500001,0.133302734375,0.136105078125,0.12885593750000002,0.12159992187499999
AdapTrack_int200,0.021908854225310078,0.17737659015319304,0.8007145556214967,0.4840122477057028,0.393739023732966,0.1222487285613311,0.025510565413589367,0.17737659015319304,0.7971128444332177,0.5733895895945742,0.393739023732966,0.03287138667245968,0.2453125,0.234375,0.240625,0.253125,0.2708333333333333,0.26979166666666665,0.24947916666666667,0.2677083333333333,0.22239583333333332,0.26875,0.2296875,0.27447916666666666,0.2708333333333333,0.22239583333333332,0.246875,0.265625,0.24739583333333334,0.26875,0.25729166666666664,0.21979166666666666,0.23020833333333332,0.2713541666666667,0.2760416666666667,0.2171875,0.2833333333333333,0.29583333333333334,0.23125,0.234375,0.24270833333333333,0.26614583333333336,0.12683101562500002,0.130210703125,0.136497734375,0.123221640625,0.14714023437499998,0.135449921875,0.13297796874999998,0.13580281249999998,0.12111374999999999,0.11793640624999999,0.15356632812499998,0.14348624999999998,0.13911921875,0.13773648437500002,0.139234296875,0.140201171875,0.123375390625,0.13127828125000002,0.13659875000000002,0.145986796875,0.132280625,0.135295625,0.141979453125,0.152310859375,0.12700703124999999,0.11892578124999997,0.1433875,0.133267421875,0.13277320312500002,0.133198046875
AdapTrack_pop500,0.019251043581683423,0.1367992735780154,0.8439496828403014,0.024697833411410623,0.4178953876604781,0.5574067789281115,0.0177215170398898,0.1367992735780154,0.8454792093820949,0.011033426925763258,0.4178953876604781,0.5710711854137588,0.2421875,0.24947916666666667,0.24114583333333334,0.2671875,0.228125,0.23854166666666668,0.23854166666666668,0.23020833333333332,0.24375,0.24739583333333334,0.25104166666666666,0.2296875,0.234375,0.24114583333333334,0.24166666666666667,0.25885416666666666,0.23541666666666666,0.2520833333333333,0.24114583333333334,0.24583333333333332,0.25364583333333335,0.2359375,0.24375,0.2359375,0.23229166666666667,0.25364583333333335,0.23177083333333334,0.2375,0.2390625,0.2375,0.22912500000000002,0.4428750000000001,0.36775,0.44018750000000006,0.44221874999999994,0.35600000000000004,0.45275000000000004,0.32828125,0.2804687500000001,0.3158750000000001,0.4329062500000001,0.4644062500000001,0.35184375000000007,0.41700000000000004,0.5169687500000001,0.3484062500000001,0.28168750000000004,0.3442187500000001,0.32653125000000005,0.40653125000000007,0.3311875,0.4108125000000001,0.44403125000000004,0.3807500000000001,0.3588437500000001,0.37090625000000005,0.4457812500000001,0.37659375,0.36437500000000006,0.4440937500000001
AdapTrack_pop1000,0.021440787347420245,0.14446895031837972,0.8340902623342001,0.02137722681151238,0.5678889108340697,0.4107338623544178,0.018821238773900753,0.14446895031837972,0.8367098109077195,0.010563875887317364,0.5678889108340697,0.4215472132786128,0.18645833333333334,0.1671875,0.16302083333333334,0.165625,0.16354166666666667,0.17708333333333334,0.184375,0.16875,0.19583333333333333,0.17552083333333332,0.17864583333333334,0.16666666666666666,0.18072916666666666,0.17083333333333334,0.18541666666666667,0.18020833333333333,0.16875,0.18177083333333333,0.15885416666666666,0.17864583333333334,0.1875,0.16927083333333334,0.16666666666666666,0.16041666666666668,0.18072916666666666,0.17708333333333334,0.1734375,0.1765625,0.16302083333333334,0.17135416666666667,0.31585156250000007,0.30828906250000004,0.2568046875,0.25860156250000005,0.28107031250000003,0.346703125,0.258328125,0.207640625,0.26027343750000004,0.26104687500000007,0.2988203125000001,0.2786484375,0.17415625000000004,0.23151562500000003,0.32166406250000007,0.28841406250000007,0.313328125,0.21148437500000003,0.31615624999999997,0.2710546875,0.21351562500000001,0.34225000000000005,0.2970078125,0.257546875,0.26785156250000003,0.2377421875,0.2198046875,0.33280468750000003,0.2623515625000001,0.345015625
AdapTrack_pop5000,0.019319196168538864,0.17044277913742267,0.8102380246940384,0.010318279148152117,0.855618893739536,0.13406282711231196,0.01678941123280014,0.17044277913742267,0.8127678096297772,0.010727567630726466,0.855618893739536,0.13365353862973758,0.11041666666666666,0.10572916666666667,0.1140625,0.12916666666666668,0.12552083333333333,0.103125,0.115625,0.10833333333333334,0.12239583333333333,0.11770833333333333,0.121875,0.10833333333333334,0.10989583333333333,0.11354166666666667,0.12291666666666666,0.10729166666666666,0.10520833333333333,0.12291666666666666,0.11354166666666667,0.11145833333333334,0.10625,0.10833333333333334,0.10833333333333334,0.121875,0.11354166666666667,0.121875,0.10572916666666667,0.12760416666666666,0.11927083333333334,0.11614583333333334,0.171828125,0.12752687499999998,0.1577440625,0.15977156250000002,0.1372825,0.16467375,0.1381509375,0.1363,0.1501684375,0.1546453125,0.14137593749999997,0.15822281249999998,0.15797656249999997,0.1736634375,0.1566140625,0.133510625,0.152535625,0.1386234375,0.1266671875,0.1637709375,0.153705625,0.149401875,0.16635343749999998,0.1492346875,0.14212624999999998,0.1371446875,0.1424415625,0.1365821875,0.14374031250000002,0.161748125
AdapTrack_pop10000,0.018871421716105466,0.18002831340277486,0.8011002648811196,0.012693842901719137,0.9075248257759808,0.07978133132230006,0.016603254010054705,0.18002831340277486,0.8033684325871704,0.015785401608898023,0.9075248257759808,0.07668977261512118,0.1078125,0.09895833333333333,0.10208333333333333,0.11770833333333333,0.09635416666666667,0.1078125,0.121875,0.1109375,0.09427083333333333,0.11197916666666667,0.1109375,0.10364583333333334,0.11770833333333333,0.11145833333333334,0.1078125,0.10885416666666667,0.11666666666666667,0.1046875,0.10364583333333334,0.10625,0.12135416666666667,0.09895833333333333,0.10989583333333333,0.10989583333333333,0.11510416666666666,0.10885416666666667,0.09583333333333334,0.10677083333333333,0.103125,0.10416666666666667,0.11764296875,0.12279015625,0.12624734375,0.12209039062499998,0.140765859375,0.13979539062499996,0.14569546875,0.125398984375,0.11850749999999999,0.11837968750000001,0.1399953125,0.11929562499999999,0.12618078124999998,0.118717890625,0.13559796875000002,0.13081523437499998,0.11719906249999998,0.12186749999999999,0.13496117187499998,0.120245703125,0.13502945312499998,0.12661257812499999,0.1322909375,0.11421875,0.124139296875,0.147525546875,0.12942234375,0.1350715625,0.1154990625,0.14061796875
AdapTrack_pop50000,0.017995168546755067,0.19897805794097503,0.7830267735122701,0.02497027616643649,0.9550431276937914,0.019986596139771974,0.015987634526617542,0.19897805794097503,0.7850343075324077,0.03413005619625294,0.9550431276937914,0.010826816109955522,0.08854166666666667,0.084375,0.0859375,0.09479166666666666,0.09895833333333333,0.07864583333333333,0.08333333333333333,0.09791666666666667,0.0828125,0.08333333333333333,0.096875,0.0828125,0.08072916666666667,0.09895833333333333,0.08177083333333333,0.09166666666666666,0.08802083333333334,0.07916666666666666,0.096875,0.09166666666666666,0.09375,0.09583333333333334,0.09270833333333334,0.08385416666666666,0.08333333333333333,0.1015625,0.09895833333333333,0.090625,0.09895833333333333,0.08385416666666666,0.09888834374999998,0.098430225,0.10211286875,0.10040224062499999,0.09917721562499998,0.09959256562499999,0.100010353125,0.112768178125,0.09620034687500001,0.10914808125,0.1021150625,0.104777565625,0.10436125,0.10569125312500001,0.09810675624999998,0.10469278124999999,0.10244869999999999,0.09717305312499999,0.09867427187499998,0.10823902812499998,0.10061064062499998,0.10252554374999999,0.098346809375,0.103287496875,0.102471275,0.09830781875000001,0.10352055937500002,0.0997828125,0.10378439375,0.10964268125
AdapTrack_neufrac0.05,0.02109122218472331,0.09196711425944286,0.8869416635558338,0.024007220812859758,0.8290075646148523,0.146985214572288,0.018656220494240854,0.09196711425944286,0.8893766652463164,0.02626132035800747,0.8290075646148523,0.14473111502714034,0.05260416666666667,0.0671875,0.0640625,0.0578125,0.05520833333333333,0.05677083333333333,0.0546875,0.06145833333333333,0.058854166666666666,0.0609375,0.05520833333333333,0.058854166666666666,0.0625,0.065625,0.06197916666666667,0.06510416666666667,0.051041666666666666,0.0546875,0.06145833333333333,0.04895833333333333,0.06458333333333334,0.053125,0.050520833333333334,0.05677083333333333,0.053125,0.05677083333333333,0.06197916666666667,0.053125,0.04791666666666667,0.0671875,0.102155859375,0.0760684375,0.07401578125,0.07761453125,0.074670390625,0.081158046875,0.07733421874999999,0.070841796875,0.087430546875,0.091355234375,0.069958671875,0.06979015625,0.080452578125,0.069701796875,0.07249617187499999,0.092701640625,0.07247148437499999,0.079812265625,0.0824496875,0.07559515624999999,0.08603960937499999,0.06951703125,0.070585859375,0.07119921874999999,0.08030921875,0.08327234375,0.07682734375,0.07034468749999999,0.07745320312500001,0.079325078125
AdapTrack_neufrac0.15,0.016511310833338018,0.25609095062477993,0.7273977385418822,0.009517585356436192,0.9465970657586531,0.04388534888491068,0.015021298343740575,0.25609095062477993,0.7288877510314794,0.010889967296941682,0.9465970657586531,0.04251296694440519,0.16302083333333334,0.15,0.1625,0.14791666666666667,0.1546875,0.15885416666666666,0.15989583333333332,0.16458333333333333,0.14895833333333333,0.15833333333333333,0.16302083333333334,0.15572916666666667,0.159375,0.15729166666666666,0.15989583333333332,0.15260416666666668,0.15885416666666666,0.17552083333333332,0.15989583333333332,0.16145833333333334,0.16510416666666666,0.17447916666666666,0.13697916666666668,0.17291666666666666,0.146875,0.15833333333333333,0.1625,0.14166666666666666,0.17083333333333334,0.14583333333333334,0.182235234375,0.17300125,0.17997546875,0.19300460937500002,0.17066312499999997,0.192893046875,0.16431656249999999,0.185679375,0.19202078124999997,0.18048453125,0.17276328125,0.181521015625,0.178549140625,0.18632796875,0.1818071875,0.18470265624999999,0.14968703125,0.17659125,0.1746746875,0.192726484375,0.187692109375,0.19959921874999997,0.161773046875,0.171097109375,0.173690859375,0.162891015625,0.1788878125,0.16209640625,0.16604617187499998,0.15558609375
AdapTrack_neufrac0.2,0.015146912502318933,0.32702194635656334,0.6578311411411176,0.006527481104883089,0.9573564718019629,0.0361160470931541,0.013317547203176877,0.32702194635656334,0.6596605064402598,0.0071449263459109034,0.9573564718019629,0.03549860185212629,0.20625,0.19166666666666668,0.19947916666666668,0.1890625,0.20729166666666668,0.203125,0.209375,0.20052083333333334,0.19114583333333332,0.221875,0.203125,0.20729166666666668,0.20052083333333334,0.1953125,0.21302083333333333,0.20520833333333333,0.20052083333333334,0.20416666666666666,0.19322916666666667,0.19479166666666667,0.19322916666666667,0.20833333333333334,0.22708333333333333,0.20729166666666668,0.1921875,0.19479166666666667,0.2109375,0.2015625,0.1984375,0.2140625,0.228952578125,0.23353515624999996,0.23810242187500003,0.22856187500000003,0.2502671875,0.21685515625000001,0.207116171875,0.23248507812500002,0.216953359375,0.24606374999999997,0.23256843749999997,0.20453312499999998,0.22340484375000003,0.22941109375000002,0.21327453125,0.24527578125,0.24137984375000002,0.23000265625000002,0.22464031249999997,0.2074084375,0.20960624999999994,0.22908625,0.215296640625,0.23459992187499998,0.21819601562499996,0.227702578125,0.21728328125000002,0.219889375,0.250488046875,0.21467898437499996
AdapTrack_neufrac0.25,0.014309266607813379,0.3950074732773532,0.5906832601148336,0.0038970976784910407,0.9722787221610116,0.023824180160497307,0.0125769994475063,0.3950074732773532,0.5924155272751406,0.004727882294198405,0.9722787221610116,0.022993395544789942,0.26666666666666666,0.2713541666666667,0.24635416666666668,0.22447916666666667,0.24010416666666667,0.25,0.2640625,0.2552083333333333,0.24947916666666667,0.240625,0.2609375,0.23177083333333334,0.25052083333333336,0.259375,0.24479166666666666,0.2677083333333333,0.23333333333333334,0.23125,0.2520833333333333,0.2635416666666667,0.24583333333333332,0.27395833333333336,0.2703125,0.25625,0.25104166666666666,0.2375,0.23802083333333332,0.24947916666666667,0.27291666666666664,0.25052083333333336,0.256851640625,0.284605,0.277971328125,0.24849882812499996,0.2381828125,0.2624534375,0.268753359375,0.269214375,0.2717303125,0.2775478125,0.268924453125,0.275479140625,0.29303984375000003,0.2972834375,0.25323124999999996,0.27569125000000005,0.2791359375,0.27501367187500003,0.290626484375,0.273269765625,0.26534382812499996,0.25507359375,0.26607265625000004,0.2591934375,0.2529778125,0.284792578125,0.267205,0.2668684375,0.24737656249999995,0.2570471875
AdapTrack_lambda2,0.01802212061816356,0.1810779688427616,0.8008999105390748,0.0011557284519724182,0.9248000252958499,0.07404424625217773,0.006378281138447145,0.1810779688427616,0.8125437500187912,0.0,0.9248000252958499,0.07519997470415016,0.10989583333333333,0.10520833333333333,0.11770833333333333,0.10833333333333334,0.10104166666666667,0.10520833333333333,0.12447916666666667,0.10885416666666667,0.0984375,0.1109375,0.10260416666666666,0.10677083333333333,0.10833333333333334,0.10677083333333333,0.11302083333333333,0.10989583333333333,0.10104166666666667,0.10833333333333334,0.10833333333333334,0.11666666666666667,0.10260416666666666,0.11197916666666667,0.10260416666666666,0.08854166666666667,0.103125,0.11145833333333334,0.09947916666666666,0.11041666666666666,0.10260416666666666,0.09583333333333334,0.132125,0.11732859374999997,0.12969312500000002,0.12906015625,0.13003734374999998,0.124898984375,0.128444375,0.12895234375,0.12341882812499998,0.11959749999999998,0.124112734375,0.129876015625,0.11981062499999999,0.148311015625,0.146970546875,0.13557039062499998,0.113671171875,0.12402937500000003,0.134765,0.124900390625,0.12227257812499999,0.134538671875,0.126739609375,0.13039375,0.108935234375,0.12147687499999997,0.13635789062499998,0.12877203124999997,0.127234765625,0.129656015625
AdapTrack_lambda4,0.01735232338777635,0.1792034089777782,0.8034442676344454,0.0023048655464893986,0.9291008743287359,0.06859426012477472,0.0069941507125035034,0.1792034089777782,0.8138024403097184,0.0,0.9291008743287359,0.07089912567126412,0.0984375,0.10989583333333333,0.10052083333333334,0.10520833333333333,0.0984375,0.10364583333333334,0.11041666666666666,0.1078125,0.10885416666666667,0.10625,0.0953125,0.11770833333333333,0.10572916666666667,0.11354166666666667,0.1140625,0.1109375,0.11197916666666667,0.09635416666666667,0.1,0.09791666666666667,0.10208333333333333,0.1046875,0.10989583333333333,0.11145833333333334,0.10104166666666667,0.10885416666666667,0.10052083333333334,0.10260416666666666,0.10677083333333333,0.096875,0.12341164062500001,0.12707312499999998,0.11843703125,0.12928132812499998,0.13188679687500002,0.137877890625,0.12580265625,0.132282578125,0.12658953125,0.14297226562499998,0.12398781250000002,0.1274553125,0.128390234375,0.1380103125,0.14508046874999997,0.12091726562499998,0.136502734375,0.124133515625,0.125512578125,0.137298359375,0.133312265625,0.126140390625,0.13409078124999999,0.11128859374999997,0.13540578124999997,0.128491015625,0.13558390625,0.1305875,0.12056437500000002,0.131011953125
AdapTrack_lambda6,0.016864284221484335,0.18020337204566256,0.8029323437328532,0.0012946883099698163,0.9234755844738074,0.07522972721622277,0.007810065120546149,0.18020337204566256,0.811986562833791,0.0,0.9234755844738074,0.0765244155261926,0.11666666666666667,0.10260416666666666,0.09895833333333333,0.1171875,0.10104166666666667,0.10729166666666666,0.1046875,0.10520833333333333,0.1109375,0.11666666666666667,0.1125,0.1125,0.10677083333333333,0.1046875,0.10729166666666666,0.103125,0.1,0.10833333333333334,0.10729166666666666,0.09947916666666666,0.10260416666666666,0.109375,0.1046875,0.10625,0.11822916666666666,0.11197916666666667,0.12083333333333333,0.10625,0.10416666666666667,0.1171875,0.11761460937499998,0.12140015625,0.131095546875,0.1163459375,0.129209140625,0.12969796875,0.12541359375,0.12073351562499998,0.1414625,0.126750078125,0.140928203125,0.12508046875,0.135328203125,0.12252007812499999,0.128499609375,0.12881390625,0.12553828125000002,0.12332593750000001,0.13991382812500003,0.13045218749999998,0.126250625,0.11824578124999999,0.119456953125,0.14230523437499998,0.13173273437500002,0.130657421875,0.124274140625,0.10722953125000001,0.133700703125,0.11623828124999998
AdapTrack_lambda8,0.01675799201932839,0.18106629461606208,0.8021757133646096,0.0015737334638343933,0.9312698003962964,0.06715646613986906,0.00872386307745618,0.18106629461606208,0.8102098423064821,0.0,0.9312698003962964,0.06873019960370344,0.109375,0.09947916666666666,0.103125,0.11822916666666666,0.10520833333333333,0.09791666666666667,0.1140625,0.10260416666666666,0.1125,0.09739583333333333,0.11354166666666667,0.1046875,0.10364583333333334,0.10729166666666666,0.1046875,0.10520833333333333,0.103125,0.11770833333333333,0.10520833333333333,0.09583333333333334,0.09895833333333333,0.10520833333333333,0.1234375,0.12447916666666667,0.109375,0.103125,0.10104166666666667,0.1078125,0.10572916666666667,0.11041666666666666,0.12930765625,0.135885390625,0.1334953125,0.12364867187499999,0.117689140625,0.14678539062499998,0.12220203124999998,0.140796796875,0.14616898437500003,0.14079625,0.12057499999999999,0.12801148437499998,0.126282265625,0.12506273437499998,0.114246484375,0.1333771875,0.12432484375,0.13006507812499998,0.15290070312499998,0.12741320312499999,0.128255703125,0.126665234375,0.12003484374999998,0.134733828125,0.151907734375,0.13146546875,0.137575703125,0.123555703125,0.134317265625,0.129165703125
AdapTrack_lambda10,0.01735416715833021,0.17780844902741363,0.8048373838142562,0.0013281816037227234,0.9241090122743625,0.07456280612191472,0.009496903419925309,0.17780844902741363,0.812694647552661,0.0,0.9241090122743625,0.07589098772563746,0.10885416666666667,0.10677083333333333,0.115625,0.10625,0.11510416666666666,0.10572916666666667,0.11666666666666667,0.09947916666666666,0.10572916666666667,0.10885416666666667,0.10885416666666667,0.09739583333333333,0.103125,0.1078125,0.09270833333333334,0.09010416666666667,0.10989583333333333,0.10833333333333334,0.11197916666666667,0.0984375,0.1109375,0.10729166666666666,0.1234375,0.10989583333333333,0.10520833333333333,0.11041666666666666,0.11979166666666667,0.11614583333333334,0.10989583333333333,0.10572916666666667,0.11690335937499999,0.13104749999999998,0.1216421875,0.12843234374999998,0.123965625,0.12230249999999998,0.149097578125,0.11342640624999997,0.11640523437499999,0.13463210937499998,0.12987375,0.116693046875,0.12302414062500003,0.137788203125,0.11757335937499999,0.12500734375,0.125586953125,0.120210234375,0.13716078125,0.11064218750000002,0.120675546875,0.13004890625,0.12174546875,0.108736796875,0.12488914062499998,0.13194968749999997,0.14608390624999998,0.13902062499999998,0.131995703125,0.13659390625
AdapTrack_AP0.15,0.017769399383927204,0.178689293585297,0.8035413070307759,0.005594774587165544,0.9230473107775906,0.07135791463524362,0.015624294893807199,0.178689293585297,0.8056864115208957,0.005316708166075244,0.9230473107775906,0.07163598105633391,0.11145833333333334,0.1125,0.11197916666666667,0.10729166666666666,0.09739583333333333,0.11145833333333334,0.1125,0.1046875,0.1078125,0.1109375,0.1046875,0.09791666666666667,0.1015625,0.10364583333333334,0.1140625,0.09635416666666667,0.10260416666666666,0.109375,0.11979166666666667,0.10625,0.10052083333333334,0.10052083333333334,0.1015625,0.10104166666666667,0.10625,0.1140625,0.10364583333333334,0.10052083333333334,0.10677083333333333,0.109375,0.133094140625,0.12919015625000002,0.13159804687499999,0.14661828125,0.11561750000000001,0.1274403125,0.1308484375,0.12390281249999999,0.126669140625,0.14047390625,0.137365546875,0.11766664062500001,0.11257914062499999,0.13436726562499998,0.13707406249999998,0.111889140625,0.1113803125,0.12861726562500003,0.11696335937499999,0.13063140624999997,0.11702703125,0.117041640625,0.12502390624999998,0.132921875,0.13453296875,0.12080593749999999,0.12899054687499997,0.144896015625,0.13090773437499997,0.13709710937500003
AdapTrack_AP0.35,0.02040671967196857,0.17887436968884093,0.8007189106391905,0.03633628859138762,0.8804026163583077,0.08326109505030456,0.018576853027568965,0.17887436968884093,0.8025487772835902,0.04639623769202613,0.8804026163583077,0.07320114594966605,0.10885416666666667,0.1171875,0.1015625,0.1109375,0.1140625,0.11458333333333333,0.11354166666666667,0.1015625,0.1015625,0.11145833333333334,0.11197916666666667,0.11458333333333333,0.11875,0.11197916666666667,0.11927083333333334,0.109375,0.11666666666666667,0.11458333333333333,0.11041666666666666,0.10208333333333333,0.10989583333333333,0.1109375,0.11302083333333333,0.10572916666666667,0.1171875,0.11875,0.11979166666666667,0.12135416666666667,0.11197916666666667,0.11770833333333333,0.12644257812499998,0.132473203125,0.13457476562499998,0.12853492187499999,0.127156640625,0.12174882812500001,0.1291828125,0.13657148437500002,0.10612570312499998,0.132947109375,0.133656171875,0.14660078125,0.13730320312499997,0.128899921875,0.124059375,0.13915429687499997,0.121469140625,0.12020828125000001,0.13331445312499998,0.13056515625,0.14324906249999997,0.12691578125,0.127895546875,0.13169148437499997,0.13004500000000002,0.12482249999999999,0.139530546875,0.110785625,0.12869437499999997,0.11990640625
AdapTrack_AP0.45,0.02202637024429997,0.17859658685257904,0.7993770429031211,0.13846110518657814,0.7490341232967848,0.11250477151663704,0.02191564877726391,0.17859658685257904,0.7994877643701572,0.18823212899649905,0.7490341232967848,0.0627337477067162,0.13385416666666666,0.12708333333333333,0.12916666666666668,0.13333333333333333,0.13489583333333333,0.13072916666666667,0.13697916666666668,0.14479166666666668,0.13229166666666667,0.1359375,0.12239583333333333,0.13229166666666667,0.1234375,0.125,0.1359375,0.13385416666666666,0.13697916666666668,0.13854166666666667,0.12604166666666666,0.1296875,0.1265625,0.14739583333333334,0.1375,0.13072916666666667,0.13697916666666668,0.13125,0.12708333333333333,0.140625,0.1296875,0.14270833333333333,0.135421640625,0.13128476562499997,0.146539453125,0.136247265625,0.108877890625,0.13360265624999998,0.1313140625,0.136736640625,0.139114609375,0.136033359375,0.14345570312499997,0.11950492187499999,0.15679273437500002,0.12255765625000001,0.13208734375,0.12272296875,0.127345546875,0.123081015625,0.121047109375,0.12693859375,0.133013125,0.1267965625,0.140920234375,0.14916296874999999,0.13906882812500002,0.128176171875,0.13330703124999999,0.12879187499999997,0.12690664062499998,0.142089296875
AdapTrack_AP0.5,0.022210426630396074,0.17441997328299666,0.8033696000866072,0.2538046649735419,0.5920282319486495,0.15416710307780837,0.023620257779873057,0.17441997328299666,0.8019597689371304,0.35659893754828215,0.5920282319486495,0.05137283050306821,0.16614583333333333,0.16666666666666666,0.17135416666666667,0.20520833333333333,0.1625,0.16979166666666667,0.165625,0.15677083333333333,0.165625,0.1828125,0.15416666666666667,0.16510416666666666,0.1546875,0.16458333333333333,0.17239583333333333,0.16510416666666666,0.16354166666666667,0.1609375,0.17083333333333334,0.17395833333333333,0.16875,0.1703125,0.1796875,0.18958333333333333,0.16354166666666667,0.17708333333333334,0.1546875,0.1703125,0.19322916666666667,0.16666666666666666,0.13063281249999997,0.143185078125,0.12987765625,0.1469946875,0.127802734375,0.121924375,0.14428203125,0.132505546875,0.133666640625,0.12257515625,0.147321015625,0.13559390624999998,0.13048890625,0.13141906250000002,0.137320703125,0.1359165625,0.14604867187499998,0.135555859375,0.139639140625,0.12986218749999998,0.11494835937499999,0.14046859375,0.1224475,0.120761953125,0.14652265625,0.11863281249999999,0.139784296875,0.137836640625,0.145097109375,0.130764453125
AdapTrack,0.01927409861611349,0.17831594816832932,0.8024099532155573,0.011478010208416331,0.9130903708662319,0.07543161892535187,0.017336221532038756,0.17831594816832932,0.8043478302996321,0.014938180603726,0.9130903708662319,0.0719714485300422,0.11197916666666667,0.10364583333333334,0.09270833333333334,0.11041666666666666,0.10260416666666666,0.11458333333333333,0.09375,0.11041666666666666,0.11614583333333334,0.11354166666666667,0.121875,0.11510416666666666,0.10260416666666666,0.115625,0.1015625,0.0953125,0.11145833333333334,0.10416666666666667,0.10572916666666667,0.11927083333333334,0.11145833333333334,0.11822916666666666,0.0984375,0.11041666666666666,0.1109375,0.1203125,0.11770833333333333,0.11302083333333333,0.0984375,0.12395833333333334,0.135162890625,0.12168609374999999,0.12069195312499999,0.128823515625,0.09949812499999999,0.12388835937499998,0.13911945312500001,0.128956796875,0.12114570312500002,0.134138828125,0.14553757812499998,0.1327259375,0.145296953125,0.13223203125,0.13830468749999997,0.11684187500000001,0.133217265625,0.13435671875000002,0.134174921875,0.14350625,0.129212578125,0.1345653125,0.14086429687500002,0.12267523437499998,0.14928453125,0.12474078124999999,0.14056195312499997,0.11326968750000002,0.13030523437500002,0.111849140625
AdapTrack_quasineu,0.03152814666539404,0.17374152918269947,0.7947303241519065,0.5287643204596431,0.22665283528154448,0.2445828442588124,0.03993963296186715,0.17374152918269947,0.7863188378554337,0.7477542916754937,0.22665283528154448,0.025592873042961983,0.4546875,0.47291666666666665,0.40729166666666666,0.44635416666666666,0.44166666666666665,0.4109375,0.46927083333333336,0.434375,0.4265625,0.440625,0.4625,0.41822916666666665,0.4453125,0.3921875,0.4197916666666667,0.4296875,0.43020833333333336,0.4276041666666667,0.42864583333333334,0.45208333333333334,0.42864583333333334,0.46145833333333336,0.4197916666666667,0.39427083333333335,0.43020833333333336,0.4125,0.4088541666666667,0.44895833333333335,0.46145833333333336,0.4708333333333333,0.17681101562499998,0.176286171875,0.1614734375,0.16184070312499999,0.179898359375,0.14585789062500001,0.16643382812500002,0.17339734375,0.154645,0.16565570312499997,0.1665184375,0.17766328125,0.168727734375,0.147934765625,0.15939484375000001,0.151687734375,0.163927109375,0.17359257812499998,0.171753515625,0.159956796875,0.16445203125,0.160342890625,0.170526484375,0.1543690625,0.17190500000000003,0.179347265625,0.17768234375,0.17042984375,0.17398874999999997,0.1783565625
AdapTrack_adapt_fluc,0.04301038567155518,0.16890819209063992,0.788081422237805,0.8578602573437888,0.03962231840656952,0.10251742424964197,0.0506377581991511,0.16890819209063992,0.7804540497102088,0.9567035470237959,0.03962231840656952,0.003674134569634542,2.4151041666666666,2.5046875,2.4447916666666667,2.4375,2.4578125,2.40625,2.4078125,2.4760416666666667,2.4765625,2.4145833333333333,2.4369791666666667,2.464583333333333,2.425,2.4208333333333334,2.4010416666666665,2.3796875,2.431770833333333,2.4989583333333334,2.4838541666666667,2.372916666666667,2.434375,2.404166666666667,2.433854166666667,2.386979166666667,2.4322916666666665,2.44375,2.4286458333333334,2.4130208333333334,2.441145833333333,2.4364583333333334,0.20629625000000001,0.21272625,0.19686656249999998,0.21834296875000003,0.212251953125,0.210626640625,0.208390703125,0.19248453125,0.21634781250000001,0.1998621875,0.223108828125,0.21240671874999997,0.21988953125000005,0.23391515624999998,0.243001953125,0.202995546875,0.192967109375,0.1945459375,0.18811515625,0.22445796875,0.20642164062499999,0.21914882812499997,0.210036484375,0.2099021875,0.22389156249999997,0.199217890625,0.1921525,0.204372578125,0.204966484375,0.21051531250000002
AdapTrack_pop_fluc,0.018129413304014977,0.17949785416228894,0.802372732533696,0.013134124787529958,0.9103149034004258,0.07655097181204445,0.01600043657183163,0.17949785416228894,0.8045017092658794,0.013558832518541923,0.9103149034004258,0.07612626408103249,0.11666666666666667,0.10625,0.1046875,0.11041666666666666,0.11145833333333334,0.10677083333333333,0.1078125,0.10677083333333333,0.11875,0.10364583333333334,0.10677083333333333,0.1109375,0.10364583333333334,0.09895833333333333,0.10208333333333333,0.11197916666666667,0.10625,0.109375,0.10364583333333334,0.10885416666666667,0.09166666666666666,0.1046875,0.10989583333333333,0.10520833333333333,0.11041666666666666,0.09791666666666667,0.10885416666666667,0.11510416666666666,0.11197916666666667,0.1140625,0.12431055407281251,0.1143230714934375,0.129009416735625,0.1293144445853125,0.12468269981218752,0.13143338554140624,0.11469215080093749,0.127735907875625,0.11680111297031248,0.11966358545312498,0.13293810414406249,0.111664625116875,0.12673800042562502,0.12429821528437499,0.12142160464531249,0.1454351333059375,0.11009479866796874,0.12332648427265624,0.11693376284750001,0.12375883730687501,0.12266136366843752,0.12062292083625,0.122626421875625,0.11178933947921874,0.12144400534718751,0.13494859864484374,0.10098037082906249,0.10877728810125001,0.12329297380203126,0.11524896163359374
